{
  "downdog": {
    "meanVector": [
      0.560285,
      -0.887989,
      0.137018,
      -0.905814,
      0.702271,
      -0.058397,
      -0.163716,
      -0.260128,
      0.806428,
      0.186308,
      -0.486896,
      0.342343,
      0.137652,
      0.009782,
      -0.137652,
      -0.009782,
      0.678906,
      0.199434,
      -0.662963,
      0.512326,
      0.885393,
      1.035778,
      -0.892365,
      1.302176
    ]
  },
  "goddess": {
    "meanVector": [
      0.247397,
      -1.002915,
      -0.252577,
      -0.992627,
      0.497594,
      -0.850848,
      -0.495742,
      -0.827391,
      0.492183,
      -1.122996,
      -0.490551,
      -1.090037,
      0.161999,
      -0.003307,
      -0.161999,
      0.003307,
      0.6814,
      0.270213,
      -0.661128,
      0.283751,
      0.637982,
      0.977402,
      -0.62294,
      0.995859
    ]
  },
  "plank": {
    "meanVector": [
      0.003797,
      -0.483158,
      -0.146365,
      -0.346338,
      0.110043,
      -0.502139,
      -0.217262,
      -0.128483,
      0.174923,
      -0.53554,
      -0.280651,
      0.049943,
      0.062528,
      -0.031388,
      -0.062528,
      0.031388,
      0.068895,
      0.300011,
      0.031852,
      0.407731,
      -0.038614,
      0.498097,
      0.100998,
      0.669662
    ]
  },
  "tree": {
    "meanVector": [
      0.257853,
      -0.992108,
      -0.247508,
      -0.996337,
      0.416338,
      -1.083722,
      -0.405803,
      -1.086922,
      0.261399,
      -1.391473,
      -0.258029,
      -1.39522,
      0.156769,
      -0.000223,
      -0.156769,
      0.000223,
      0.374758,
      0.569863,
      -0.376579,
      0.56744,
      0.041314,
      0.949917,
      -0.047567,
      0.967253
    ]
  },
  "warrior2": {
    "meanVector": [
      0.182618,
      -0.980733,
      -0.189831,
      -1.001715,
      0.458636,
      -0.960558,
      -0.455807,
      -1.023395,
      0.714567,
      -0.963187,
      -0.698854,
      -1.063173,
      0.117092,
      -9.9e-05,
      -0.117092,
      9.9e-05,
      0.457089,
      0.389483,
      -0.483903,
      0.289331,
      0.689772,
      0.934082,
      -0.588952,
      0.933383
    ]
  }
}