{
  "downdog": {
    "meanVector": [
      0.455247,
      -0.254816,
      0.285854,
      -0.334307,
      0.41973,
      0.386082,
      0.175385,
      0.253771,
      0.3764,
      0.607798,
      0.062675,
      0.771198,
      0.092706,
      0.027502,
      -0.092706,
      -0.027502,
      0.343527,
      0.374987,
      -0.561569,
      0.588609,
      0.396008,
      1.142491,
      -0.802624,
      1.347148
    ]
  },
  "goddess": {
    "meanVector": [
      0.245786,
      -1.000263,
      -0.243687,
      -0.996462,
      0.508841,
      -0.874207,
      -0.498758,
      -0.863946,
      0.510991,
      -1.174684,
      -0.499274,
      -1.161361,
      0.158928,
      -0.002618,
      -0.158928,
      0.002618,
      0.663695,
      0.267379,
      -0.650313,
      0.276443,
      0.636678,
      0.970459,
      -0.622032,
      0.985395
    ]
  },
  "plank": {
    "meanVector": [
      -0.046382,
      -0.508329,
      -0.187052,
      -0.340314,
      0.035794,
      -0.571081,
      -0.245839,
      -0.109147,
      0.078319,
      -0.651321,
      -0.304358,
      0.087022,
      0.063012,
      -0.039616,
      -0.063012,
      0.039616,
      0.087349,
      0.297054,
      0.054,
      0.444538,
      0.01782,
      0.512601,
      0.15663,
      0.748621
    ]
  },
  "tree": {
    "meanVector": [
      0.366572,
      -0.988426,
      -0.352095,
      -0.997092,
      0.555083,
      -1.075939,
      -0.537142,
      -1.079506,
      0.261935,
      -1.385911,
      -0.243091,
      -1.389041,
      0.224478,
      -0.001921,
      -0.224478,
      0.001921,
      0.602129,
      0.552443,
      -0.442544,
      0.592635,
      0.071645,
      0.864669,
      -0.04132,
      1.020659
    ]
  },
  "warrior2": {
    "meanVector": [
      0.194045,
      -0.987794,
      -0.200555,
      -0.998255,
      0.49063,
      -0.985546,
      -0.490485,
      -1.011155,
      0.761006,
      -1.001836,
      -0.756911,
      -1.044754,
      0.122795,
      0.000715,
      -0.122795,
      -0.000715,
      0.489481,
      0.362558,
      -0.50872,
      0.284841,
      0.710047,
      0.910198,
      -0.6437,
      0.905179
    ]
  }
}