{
  "chair": {
    "meanVector": [
      0.695939,
      -0.974888,
      -0.477383,
      -0.985256,
      1.029603,
      -1.369885,
      -0.6512,
      -1.387064,
      1.201747,
      -1.93952,
      -0.650594,
      -1.981712,
      0.403728,
      -0.009263,
      -0.403728,
      0.009263,
      0.574044,
      0.668559,
      -0.413251,
      0.691695,
      0.508181,
      1.352879,
      -0.36777,
      1.374606
    ]
  },
  "downdog": {
    "meanVector": [
      0.553731,
      0.12642,
      0.462832,
      -0.014635,
      0.530402,
      0.781774,
      0.388092,
      0.739381,
      0.510092,
      1.361707,
      0.29357,
      1.416761,
      0.090281,
      0.038601,
      -0.090281,
      -0.038601,
      0.414209,
      0.696697,
      -0.686914,
      0.829042,
      0.520898,
      1.390053,
      -1.208656,
      1.598447
    ]
  },
  "goddess": {
    "meanVector": [
      0.249483,
      -0.999779,
      -0.242526,
      -0.997675,
      0.522758,
      -0.877017,
      -0.506898,
      -0.874563,
      0.533453,
      -1.167487,
      -0.519377,
      -1.161898,
      0.159959,
      -0.002423,
      -0.159959,
      0.002423,
      0.666002,
      0.265689,
      -0.653502,
      0.277252,
      0.641313,
      0.969344,
      -0.627493,
      0.988849
    ]
  },
  "half-moon": {
    "meanVector": [
      -0.301868,
      0.126992,
      -0.252322,
      0.372151,
      -0.283022,
      -0.066328,
      -0.241495,
      0.563147,
      -0.2978,
      -0.216875,
      -0.253476,
      0.746198,
      0.018851,
      -0.060466,
      -0.018851,
      0.060466,
      0.337216,
      0.215182,
      -0.113671,
      0.511786,
      0.651451,
      0.459552,
      -0.247497,
      0.955807
    ]
  },
  "plank": {
    "meanVector": [
      -0.010377,
      -0.51318,
      -0.16557,
      -0.350499,
      0.102337,
      -0.54726,
      -0.216118,
      -0.096527,
      0.170701,
      -0.599916,
      -0.263017,
      0.11005,
      0.065201,
      -0.034618,
      -0.065201,
      0.034618,
      0.064182,
      0.34842,
      0.03227,
      0.427123,
      0.007833,
      0.549629,
      0.10154,
      0.719206
    ]
  },
  "tree": {
    "meanVector": [
      0.374556,
      -0.990163,
      -0.370382,
      -0.996362,
      0.535658,
      -1.12406,
      -0.548276,
      -1.123263,
      0.196604,
      -1.456675,
      -0.219559,
      -1.454321,
      0.235078,
      -0.002513,
      -0.235078,
      0.002513,
      0.601659,
      0.550199,
      -0.484548,
      0.593202,
      0.080069,
      0.876412,
      -0.051909,
      1.011158
    ]
  },
  "warrior2": {
    "meanVector": [
      0.18455,
      -0.986169,
      -0.191136,
      -0.997685,
      0.461964,
      -0.985042,
      -0.462661,
      -1.013426,
      0.714768,
      -0.999616,
      -0.711405,
      -1.049622,
      0.118422,
      0.000555,
      -0.118422,
      -0.000555,
      0.468501,
      0.37069,
      -0.48457,
      0.28288,
      0.679548,
      0.911519,
      -0.607641,
      0.908853
    ]
  }
}